Which of the following do you think are the most important issues facing the country at this time? Please tick up to three.,2011-02-15,2011-03-01,2011-03-15,2011-03-29,2011-04-12,2011-04-26,2011-05-10,2011-05-24,2011-06-07,2011-06-14,2011-06-21,2011-06-28,2011-07-05,2011-07-12,2011-07-19,2011-07-26,2011-08-09,2011-08-23,2011-09-06,2011-09-20,2011-10-04,2011-10-18,2011-11-01,2011-11-15,2011-11-29,2011-12-13,2012-01-03,2012-01-17,2012-01-31,2012-02-14,2012-02-20,2012-02-28,2012-03-13,2012-03-27,2012-04-10,2012-04-24,2012-05-08,2012-05-22,2012-06-07,2012-06-19,2012-07-03,2012-07-17,2012-07-31,2012-08-14,2012-08-28,2012-09-11,2012-09-25,2012-10-09,2012-10-23,2012-11-06,2012-11-20,2012-12-04,2013-01-15,2013-01-29,2013-02-12,2013-02-26,2013-03-05,2013-03-12,2013-03-19,2013-03-26,2013-04-02,2013-04-09,2013-04-16,2013-04-23,2013-04-30,2013-05-07,2013-05-21,2013-06-04,2013-06-18,2013-07-16,2013-07-30,2013-08-13,2013-08-27,2013-09-10,2013-10-08,2013-10-22,2013-11-05,2013-11-19,2013-12-03,2013-12-17,2014-01-14,2014-01-22,2014-01-28,2014-02-11,2014-02-25,2014-03-11,2014-03-25,2014-04-08,2014-05-13,2014-05-28,2014-06-10,2014-06-24,2014-07-08,2014-07-22,2014-08-05,2014-08-19,2014-09-02,2014-09-16,2014-10-14,2014-10-28,2014-11-11,2014-11-25,2014-12-09,2015-01-06,2015-01-20,2015-02-03,2015-02-17,2015-03-03,2015-03-17,2015-03-31,2015-04-14,2015-04-28,2015-05-12,2015-05-19,2015-05-26,2015-06-02,2015-06-09,2015-09-04,2015-12-18,2016-06-08,2016-07-06,2016-07-26,2016-08-02,2016-08-09,2016-08-17,2016-08-23,2016-08-31,2016-09-14,2016-10-12,2016-10-25,2016-11-01,2016-11-15,2016-11-29,2016-12-17,2017-01-10,2017-01-17,2017-01-24,2017-01-31,2017-02-13,2017-02-22,2017-02-28,2017-03-14,2017-03-21,2017-03-27,2017-04-06,2017-04-19,2017-04-26,2017-05-03,2017-05-10,2017-05-17,2017-05-31,2017-06-07,2017-06-22,2017-07-11,2017-08-01,2017-08-31,2017-09-12,2017-10-11,2017-11-28,2017-12-12,2017-12-20,2017-12-21,2018-01-03,2018-01-08,2018-01-16,2018-01-30,2018-02-06,2018-02-13,2018-02-20,2018-02-27,2018-03-06,2018-03-27,2018-04-10,2018-04-17,2018-04-25,2018-05-01,2018-05-09,2018-05-14,2018-05-21,2018-05-29,2018-06-05,2018-06-12,2018-06-19,2018-06-26,2018-07-04,2018-07-09,2018-07-17,2018-07-23,2018-07-31,2018-08-14,2018-08-21,2018-08-29,2018-09-04,2018-09-20,2018-10-01,2018-10-09,2018-10-15,2018-10-23,2018-11-05,2018-11-19,2018-11-27,2018-12-04,2019-01-07,2019-01-14,2019-01-21,2019-02-04,2019-03-07,2019-03-25,2019-04-03,2019-04-11,2019-04-30,2019-05-29,2019-06-06,2019-06-24,2019-07-01,2019-07-08,2019-07-14,2019-07-22,2019-07-29,2019-08-05,2019-08-11,2019-08-19,2019-08-26,2019-09-02,2019-09-09,2019-09-16,2019-09-23,2019-09-30,2019-10-06,2019-10-14,2019-10-21,2019-10-28,2019-11-04,2019-11-11,2019-11-18,2019-11-25,2019-12-01,2019-12-16,2019-12-23,2019-12-30,2020-01-06,2020-01-13,2020-01-20,2020-01-27,2020-02-03,2020-02-09,2020-02-17,2020-02-24,2020-03-02,2020-03-09,2020-03-16,2020-03-23,2020-03-30,2020-04-06,2020-04-13,2020-04-20,2020-04-27,2020-05-03,2020-05-10,2020-05-18,2020-05-25,2020-06-02,2020-06-08,2020-06-15,2020-06-22,2020-06-29,2020-07-06,2020-07-13,2020-07-20,2020-07-27,2020-08-03,2020-08-10,2020-08-17,2020-08-24,2020-08-31,2020-09-07,2020-09-14,2020-09-21,2020-09-28,2020-10-05,2020-10-12,2020-10-18,2020-10-26,2020-11-02,2020-11-09,2020-11-15,2020-11-23,2020-11-30,2020-12-07,2020-12-14,2020-12-20,2020-12-28,2021-01-04,2021-01-11,2021-01-18,2021-01-25,2021-02-01,2021-02-08,2021-02-15,2021-02-22,2021-03-01,2021-03-08,2021-03-15,2021-03-22,2021-03-29,2021-04-05,2021-04-12,2021-04-19,2021-04-26,2021-05-03,2021-05-10,2021-05-17,2021-05-24,2021-05-31,2021-06-07,2021-06-14,2021-06-21,2021-06-28,2021-07-05,2021-07-12,2021-07-19,2021-07-26,2021-08-02,2021-08-09,2021-08-16,2021-08-23,2021-08-29,2021-09-06,2021-09-12,2021-09-19,2021-09-26,2021-10-04,2021-10-11,2021-10-18,2021-10-25,2021-11-01,2021-11-07,2021-11-15,2021-11-22,2021-11-29,2021-12-05,2021-12-13,2021-12-20,2021-12-27,2022-01-02,2022-01-10,2022-01-17,2022-01-24,2022-01-31,2022-02-06,2022-02-13,2022-02-21,2022-02-28,2022-03-07,2022-03-14,2022-03-20,2022-03-28,2022-04-04,2022-04-11,2022-04-18,2022-04-24,2022-05-02,2022-05-08,2022-05-16,2022-05-22,2022-05-29,2022-06-06,2022-06-13,2022-06-19,2022-06-27,2022-07-03,2022-07-11,2022-07-17,2022-07-25,2022-07-31,2022-08-08,2022-08-15,2022-08-22,2022-08-29,2022-09-05,2022-09-12,2022-09-25,2022-10-02,2022-10-09,2022-10-17,2022-10-23,2022-10-31,2022-11-07,2022-11-14,2022-11-21,2022-11-28,2022-12-05,2022-12-12,2022-12-19,2022-12-26,2023-01-01,2023-01-09,2023-01-15,2023-01-23,2023-01-30,2023-02-06,2023-02-13,2023-02-20,2023-02-26,2023-03-06,2023-03-20,2023-03-27,2023-04-03,2023-04-10,2023-04-17,2023-04-24,2023-05-01,2023-05-08,2023-05-15,2023-05-21,2023-05-28,2023-06-05,2023-06-12,2023-06-19,2023-06-26,2023-07-03,2023-07-10,2023-07-17,2023-07-24,2023-07-31,2023-08-07,2023-08-14,2023-08-21,2023-08-28,2023-09-04,2023-09-11,2023-09-18,2023-09-25,2023-10-02,2023-10-09,2023-10-16,2023-10-23,2023-10-30,2023-11-06,2023-11-13,2023-11-20,2023-11-27,2023-12-04,2023-12-11,2023-12-18,2023-12-24,2024-01-01,2024-01-07,2024-01-15,2024-01-22,2024-01-29,2024-02-05,2024-02-11,2024-02-19,2024-02-26,2024-03-04,2024-03-11,2024-03-18,2024-03-25,2024-04-01,2024-04-08,2024-04-16,2024-04-22,2024-04-28,2024-05-06,2024-05-13,2024-05-20
Health,24%,24%,20%,18%,29%,23%,29%,26%,27%,36%,27%,26%,21%,22%,21%,21%,14%,11%,18%,13%,17%,20%,15%,16%,13%,13%,15%,19%,20%,25%,23%,27%,23%,20%,18%,16%,22%,14%,22%,16%,17%,19%,17%,16%,15%,17%,21%,20%,18%,19%,17%,22%,18%,16%,28%,26%,25%,23%,22%,24%,25%,23%,24%,27%,24%,20%,24%,23%,26%,35%,34%,25%,21%,29%,33%,22%,20%,27%,26%,26%,27%,25%,27%,19%,24%,24%,34%,26%,27%,26%,31%,28%,32%,26%,36%,30%,25%,28%,38%,34%,28%,25%,24%,34%,36%,39%,37%,32%,36%,37%,44%,36%,33%,38%,32%,29%,30%,19%,32%,30%,24%,23%,24%,26%,25%,28%,33%,35%,27%,26%,30%,32%,30%,33%,41%,51%,44%,44%,50%,55%,43%,43%,45%,41%,42%,42%,44%,40%,45%,43%,36%,32%,28%,28%,33%,29%,32%,30%,37%,33%,36%,37%,35%,50%,49%,48%,50%,48%,41%,37%,35%,42%,38%,38%,35%,36%,36%,36%,39%,42%,39%,37%,44%,37%,42%,37%,38%,32%,29%,33%,28%,33%,34%,29%,33%,34%,34%,33%,31%,31%,28%,27%,29%,28%,28%,29%,24%,25%,27%,28%,25%,32%,32%,27%,30%,25%,25%,24%,28%,29%,28%,29%,30%,30%,24%,27%,32%,25%,33%,27%,32%,32%,32%,41%,42%,41%,39%,48%,49%,41%,41%,42%,38%,41%,42%,38%,41%,36%,50%,52%,67%,73%,78%,73%,74%,77%,70%,70%,66%,65%,60%,56%,60%,54%,52%,48%,55%,54%,51%,50%,55%,45%,49%,46%,46%,45%,50%,48%,50%,52%,53%,57%,53%,60%,58%,57%,55%,56%,52%,52%,57%,56%,62%,72%,66%,65%,69%,60%,63%,58%,53%,57%,56%,54%,53%,49%,50%,49%,53%,53%,49%,55%,50%,50%,49%,48%,48%,52%,54%,54%,57%,52%,46%,44%,45%,41%,41%,48%,48%,46%,49%,50%,40%,47%,55%,44%,44%,48%,47%,50%,50%,55%,57%,48%,48%,53%,53%,49%,43%,39%,45%,42%,33%,30%,34%,35%,35%,35%,42%,34%,34%,39%,38%,33%,30%,33%,33%,34%,36%,33%,37%,36%,37%,35%,37%,38%,38%,41%,31%,34%,40%,38%,35%,39%,35%,40%,41%,38%,38%,41%,42%,40%,49%,44%,49%,46%,58%,57%,53%,55%,48%,46%,45%,45%,39%,41%,37%,40%,41%,41%,42%,44%,43%,43%,41%,43%,42%,38%,41%,37%,40%,44%,44%,47%,38%,40%,48%,38%,41%,43%,41%,46%,44%,38%,44%,38%,40%,39%,41%,43%,41%,39%,38%,41%,43%,48%,43%,42%,43%,42%,40%,38%,46%,39%,46%,41%,42%,41%,41%,40%,42%,38%,46%,40%,38%,37%,39%
Immigration & Asylum,65%,61%,60%,60%,57%,67%,66%,66%,67%,66%,62%,61%,65%,64%,63%,64%,64%,62%,64%,59%,65%,60%,65%,65%,66%,55%,52%,59%,64%,65%,57%,60%,59%,59%,68%,62%,60%,58%,58%,57%,59%,66%,64%,60%,63%,60%,61%,63%,63%,64%,65%,63%,66%,67%,71%,72%,71%,71%,73%,73%,67%,70%,75%,71%,72%,71%,76%,73%,69%,67%,71%,70%,70%,71%,62%,72%,74%,69%,74%,72%,77%,76%,70%,68%,68%,70%,64%,64%,65%,72%,68%,72%,72%,70%,70%,74%,75%,73%,71%,73%,75%,69%,67%,69%,68%,69%,67%,67%,66%,64%,64%,68%,67%,67%,69%,68%,69%,86%,77%,71%,55%,61%,60%,59%,56%,55%,61%,57%,57%,57%,58%,54%,47%,54%,50%,54%,50%,53%,52%,44%,47%,50%,41%,44%,43%,45%,44%,40%,41%,45%,42%,40%,48%,52%,53%,51%,51%,50%,48%,43%,45%,44%,46%,42%,45%,44%,43%,47%,47%,47%,48%,44%,44%,41%,45%,53%,43%,44%,43%,41%,44%,45%,45%,51%,45%,47%,44%,44%,43%,46%,49%,43%,47%,41%,43%,42%,38%,38%,38%,40%,37%,36%,47%,46%,45%,41%,39%,33%,31%,35%,34%,34%,36%,35%,34%,34%,39%,34%,30%,33%,33%,32%,38%,35%,28%,34%,32%,32%,33%,32%,31%,34%,32%,34%,33%,35%,33%,30%,34%,33%,33%,35%,31%,38%,39%,38%,35%,43%,32%,38%,29%,21%,17%,19%,21%,18%,24%,23%,28%,25%,30%,28%,29%,28%,26%,34%,34%,32%,34%,35%,34%,50%,45%,47%,44%,48%,45%,45%,42%,42%,40%,36%,35%,38%,35%,34%,33%,34%,37%,35%,31%,33%,30%,29%,31%,29%,30%,33%,31%,31%,35%,33%,30%,36%,43%,40%,40%,37%,38%,32%,39%,42%,44%,40%,47%,48%,46%,40%,38%,45%,40%,47%,48%,53%,48%,55%,55%,51%,53%,54%,45%,45%,42%,41%,41%,41%,47%,51%,59%,66%,54%,55%,52%,52%,52%,46%,51%,46%,45%,42%,40%,36%,39%,41%,42%,39%,41%,33%,36%,50%,47%,39%,42%,42%,43%,41%,41%,42%,53%,48%,45%,41%,38%,42%,43%,42%,45%,39%,45%,46%,48%,43%,43%,44%,44%,39%,39%,62%,54%,56%,56%,60%,57%,55%,55%,57%,57%,51%,49%,53%,49%,47%,48%,51%,50%,56%,64%,61%,60%,59%,52%,58%,58%,56%,54%,60%,55%,56%,59%,59%,60%,56%,58%,59%,57%,61%,67%,67%,66%,64%,65%,62%,59%,66%,59%,61%,63%,64%,63%,60%,65%,69%,66%,64%,65%,66%,65%,64%,63%,64%,57%,67%,65%,64%,62%,63%,63%,62%,63%,63%,62%,63%,63%,62%,65%,68%,65%
Crime,25%,24%,20%,21%,23%,24%,21%,27%,26%,26%,24%,24%,22%,22%,22%,24%,56%,51%,44%,35%,23%,26%,26%,24%,22%,20%,33%,21%,23%,24%,20%,22%,23%,18%,23%,21%,17%,19%,18%,20%,17%,20%,17%,19%,20%,23%,25%,20%,23%,21%,19%,16%,21%,16%,19%,15%,16%,18%,14%,16%,13%,19%,20%,20%,13%,15%,18%,19%,13%,11%,13%,14%,17%,12%,11%,11%,11%,13%,12%,17%,18%,15%,14%,11%,13%,14%,12%,12%,14%,12%,12%,8%,13%,11%,13%,14%,17%,13%,10%,8%,12%,11%,11%,11%,13%,10%,11%,9%,9%,6%,8%,9%,6%,4%,6%,6%,8%,11%,12%,7%,5%,12%,12%,11%,11%,10%,8%,9%,8%,9%,10%,10%,9%,8%,7%,8%,7%,8%,7%,6%,8%,10%,9%,11%,11%,9%,12%,11%,11%,9%,7%,8%,10%,10%,11%,12%,10%,12%,14%,10%,12%,13%,13%,13%,14%,12%,12%,13%,13%,12%,11%,15%,27%,23%,22%,23%,29%,21%,27%,25%,29%,30%,27%,22%,22%,24%,21%,27%,25%,28%,28%,25%,28%,29%,26%,25%,28%,24%,32%,25%,32%,27%,24%,25%,27%,33%,49%,38%,42%,37%,34%,31%,26%,36%,38%,38%,39%,37%,43%,38%,38%,47%,41%,36%,41%,35%,36%,35%,30%,35%,38%,35%,32%,28%,28%,22%,29%,27%,28%,22%,24%,26%,31%,40%,35%,39%,35%,37%,32%,32%,27%,14%,12%,16%,13%,9%,11%,14%,16%,13%,12%,12%,15%,18%,15%,30%,22%,18%,19%,21%,19%,18%,19%,19%,20%,18%,18%,18%,17%,16%,13%,15%,15%,14%,16%,14%,14%,14%,16%,14%,12%,16%,17%,14%,13%,16%,16%,16%,16%,19%,21%,18%,25%,27%,22%,28%,28%,30%,29%,29%,31%,27%,27%,29%,30%,28%,32%,29%,29%,25%,24%,24%,27%,27%,28%,25%,23%,21%,19%,19%,25%,29%,24%,28%,24%,20%,24%,20%,23%,25%,23%,23%,24%,24%,24%,23%,26%,22%,23%,22%,26%,26%,20%,21%,18%,18%,18%,19%,18%,17%,16%,20%,17%,19%,23%,19%,19%,16%,14%,17%,17%,17%,16%,14%,16%,15%,18%,18%,23%,26%,23%,27%,15%,20%,19%,14%,19%,18%,20%,20%,16%,22%,18%,13%,19%,21%,18%,16%,21%,17%,15%,20%,20%,19%,22%,20%,23%,24%,24%,21%,20%,24%,21%,21%,20%,22%,21%,20%,21%,22%,24%,21%,25%,17%,20%,25%,24%,19%,21%,22%,25%,25%,26%,32%,27%,27%,23%,24%,28%,27%,27%,30%,23%,25%,23%,21%,23%,25%,24%,27%,27%,28%,26%,29%,26%,27%,30%,27%,23%,27%,23%,28%,20%,32%,31%,30%,29%
The economy,82%,77%,82%,83%,78%,74%,76%,78%,79%,76%,77%,79%,74%,77%,80%,81%,74%,77%,76%,78%,83%,90%,81%,79%,82%,84%,87%,85%,84%,81%,81%,79%,80%,79%,81%,79%,83%,82%,79%,82%,80%,82%,83%,84%,81%,81%,77%,76%,77%,77%,80%,81%,80%,81%,75%,84%,79%,77%,81%,80%,78%,84%,82%,75%,82%,77%,71%,74%,69%,65%,66%,71%,67%,63%,71%,70%,62%,59%,60%,59%,60%,58%,59%,54%,65%,60%,66%,60%,55%,55%,55%,52%,53%,55%,46%,52%,49%,52%,59%,54%,58%,57%,55%,58%,58%,55%,56%,53%,53%,61%,66%,60%,63%,61%,55%,58%,52%,38%,35%,38%,53%,50%,47%,54%,50%,49%,45%,42%,44%,44%,46%,47%,50%,42%,38%,38%,41%,40%,34%,38%,36%,36%,41%,40%,39%,46%,42%,47%,43%,45%,35%,37%,35%,41%,38%,39%,33%,35%,37%,37%,32%,35%,37%,32%,34%,28%,30%,30%,30%,30%,31%,29%,29%,27%,31%,26%,32%,31%,28%,27%,26%,27%,29%,28%,27%,30%,30%,28%,27%,30%,27%,29%,31%,28%,31%,31%,28%,32%,26%,31%,31%,34%,34%,28%,31%,31%,27%,24%,28%,30%,25%,24%,28%,26%,26%,28%,26%,26%,24%,25%,34%,28%,26%,26%,30%,30%,27%,26%,31%,31%,30%,30%,30%,30%,34%,32%,29%,31%,30%,35%,30%,26%,30%,29%,34%,31%,34%,33%,31%,31%,37%,50%,52%,56%,59%,67%,65%,66%,67%,66%,70%,65%,68%,70%,69%,61%,67%,71%,68%,65%,64%,62%,62%,63%,64%,66%,64%,62%,65%,61%,64%,65%,64%,65%,67%,66%,65%,67%,63%,63%,62%,62%,65%,65%,64%,63%,68%,64%,68%,68%,70%,72%,69%,66%,68%,65%,63%,64%,63%,60%,58%,61%,57%,55%,55%,57%,57%,55%,58%,56%,60%,56%,56%,52%,50%,48%,47%,47%,48%,46%,51%,55%,61%,54%,58%,56%,52%,50%,45%,45%,46%,52%,52%,53%,54%,54%,51%,55%,55%,67%,56%,56%,59%,57%,58%,64%,61%,67%,62%,63%,61%,67%,70%,65%,70%,69%,70%,71%,71%,74%,71%,74%,73%,71%,73%,75%,73%,76%,76%,75%,74%,70%,77%,74%,75%,79%,75%,72%,74%,73%,68%,69%,71%,73%,72%,66%,69%,68%,69%,69%,73%,67%,65%,67%,63%,60%,66%,59%,61%,61%,60%,58%,63%,63%,67%,61%,59%,58%,63%,67%,64%,66%,62%,66%,63%,69%,61%,61%,64%,61%,63%,59%,62%,54%,58%,60%,55%,56%,56%,54%,54%,52%,56%,59%,54%,55%,55%,56%,56%,51%,53%,46%,49%,53%,52%,53%,46%,50%,51%,49%,48%,47%,53%,47%,48%,48%,49%
Tax,17%,21%,20%,20%,16%,16%,11%,14%,11%,12%,12%,13%,13%,12%,13%,11%,10%,9%,12%,13%,11%,11%,10%,8%,12%,11%,10%,9%,11%,11%,16%,13%,15%,17%,19%,16%,14%,12%,21%,12%,16%,12%,12%,11%,13%,18%,16%,12%,13%,16%,14%,21%,14%,14%,13%,14%,16%,16%,16%,16%,17%,14%,11%,14%,14%,13%,12%,12%,14%,8%,6%,9%,9%,7%,7%,10%,10%,11%,8%,9%,6%,8%,8%,8%,7%,9%,10%,9%,7%,8%,8%,7%,5%,6%,9%,7%,5%,5%,8%,6%,6%,6%,8%,8%,7%,6%,8%,10%,9%,10%,10%,9%,10%,6%,7%,6%,5%,4%,4%,3%,5%,3%,5%,4%,3%,4%,5%,6%,4%,4%,3%,4%,4%,3%,7%,2%,2%,4%,4%,5%,3%,4%,6%,5%,5%,4%,4%,4%,6%,6%,4%,3%,3%,4%,2%,3%,2%,3%,4%,3%,2%,5%,4%,2%,4%,3%,3%,2%,4%,3%,4%,4%,2%,3%,2%,2%,3%,3%,4%,3%,1%,4%,2%,3%,2%,2%,3%,2%,3%,3%,4%,4%,2%,4%,3%,3%,5%,4%,4%,2%,3%,4%,3%,3%,3%,4%,2%,2%,3%,2%,3%,3%,4%,3%,4%,5%,4%,2%,3%,2%,4%,2%,4%,3%,3%,2%,3%,5%,3%,3%,2%,3%,2%,3%,4%,5%,3%,5%,2%,2%,3%,1%,4%,3%,4%,4%,5%,3%,3%,4%,3%,2%,2%,3%,4%,1%,4%,3%,3%,5%,4%,4%,3%,2%,3%,2%,2%,4%,5%,4%,3%,3%,3%,2%,3%,5%,3%,2%,3%,4%,2%,2%,4%,1%,5%,5%,2%,4%,3%,2%,4%,2%,5%,3%,2%,6%,4%,8%,5%,5%,7%,8%,7%,6%,5%,6%,5%,5%,5%,6%,3%,2%,4%,2%,5%,4%,4%,6%,4%,5%,5%,4%,5%,4%,5%,5%,3%,4%,12%,8%,10%,8%,13%,10%,6%,11%,10%,7%,6%,7%,8%,7%,6%,9%,10%,9%,12%,10%,15%,18%,16%,15%,13%,12%,16%,15%,16%,21%,21%,15%,17%,14%,15%,17%,16%,13%,18%,20%,16%,16%,15%,15%,20%,22%,19%,18%,15%,12%,12%,11%,11%,13%,17%,14%,17%,11%,14%,11%,9%,19%,13%,11%,11%,12%,9%,11%,7%,6%,11%,10%,12%,11%,10%,9%,12%,12%,10%,12%,12%,12%,10%,11%,8%,13%,11%,11%,9%,10%,9%,9%,9%,10%,9%,7%,9%,10%,9%,12%,8%,8%,7%,9%,10%,13%,12%,10%,9%,10%,12%,12%,10%,12%,13%,12%,13%,11%,9%,14%,9%,11%,12%,10%,11%,11%,11%,12%,12%,11%,11%,10%,13%,11%,13%,11%,13%,10%,10%
Pensions,17%,22%,24%,21%,17%,20%,15%,20%,18%,17%,29%,30%,35%,31%,26%,25%,20%,18%,18%,27%,19%,22%,19%,21%,24%,26%,23%,24%,20%,18%,20%,19%,20%,24%,23%,24%,19%,18%,20%,23%,19%,20%,21%,21%,23%,22%,16%,20%,20%,17%,14%,20%,18%,15%,15%,14%,19%,20%,18%,14%,17%,12%,12%,16%,14%,12%,13%,14%,13%,12%,13%,10%,12%,14%,15%,13%,15%,15%,15%,19%,11%,14%,15%,12%,14%,10%,15%,14%,13%,12%,10%,12%,13%,11%,14%,10%,9%,11%,11%,13%,10%,10%,12%,8%,10%,8%,9%,10%,10%,12%,10%,10%,10%,8%,10%,8%,7%,7%,6%,7%,7%,7%,10%,7%,9%,8%,9%,11%,8%,11%,10%,8%,10%,10%,8%,7%,6%,8%,8%,10%,9%,8%,9%,12%,11%,6%,8%,9%,8%,6%,8%,7%,5%,6%,7%,6%,8%,8%,8%,6%,7%,7%,7%,7%,7%,6%,7%,6%,6%,8%,9%,8%,6%,6%,7%,6%,5%,5%,6%,5%,6%,7%,4%,5%,6%,6%,6%,5%,7%,6%,6%,6%,6%,6%,5%,5%,6%,7%,7%,6%,6%,7%,5%,4%,4%,6%,7%,5%,6%,5%,7%,6%,5%,7%,6%,8%,4%,7%,8%,6%,6%,6%,6%,8%,6%,5%,5%,6%,8%,6%,7%,6%,5%,7%,5%,7%,7%,6%,8%,8%,7%,6%,8%,8%,8%,8%,8%,8%,8%,7%,7%,6%,5%,4%,3%,5%,3%,4%,4%,4%,3%,6%,4%,2%,3%,4%,4%,5%,5%,5%,4%,6%,6%,6%,4%,5%,4%,5%,4%,4%,5%,5%,5%,6%,3%,6%,3%,5%,4%,4%,4%,5%,6%,2%,5%,3%,4%,5%,4%,4%,4%,5%,6%,6%,3%,6%,7%,4%,6%,5%,6%,7%,6%,5%,6%,6%,8%,6%,8%,9%,8%,7%,9%,10%,8%,10%,12%,11%,9%,10%,11%,11%,9%,8%,8%,10%,8%,9%,11%,10%,9%,9%,11%,10%,10%,14%,10%,14%,13%,13%,12%,12%,12%,12%,13%,11%,14%,14%,13%,11%,14%,11%,13%,11%,14%,13%,14%,12%,11%,13%,8%,9%,9%,10%,9%,10%,14%,11%,13%,13%,12%,12%,14%,14%,12%,16%,16%,15%,12%,9%,11%,9%,8%,10%,12%,8%,8%,7%,10%,9%,8%,11%,8%,8%,7%,11%,8%,9%,8%,9%,9%,8%,8%,7%,7%,8%,8%,7%,8%,7%,8%,6%,7%,6%,8%,6%,7%,8%,6%,6%,7%,12%,8%,9%,9%,8%,9%,11%,8%,8%,7%,6%,9%,9%,8%,7%,9%,8%,6%,7%,6%,8%,7%,7%,6%,7%,8%,7%,9%,11%,12%,11%,10%,9%,8%,9%,8%
Education,13%,11%,10%,12%,12%,11%,12%,11%,13%,12%,11%,8%,8%,11%,8%,10%,8%,11%,12%,11%,9%,6%,7%,8%,9%,11%,9%,12%,7%,8%,9%,11%,9%,11%,8%,11%,15%,10%,13%,11%,11%,11%,11%,10%,12%,10%,17%,13%,8%,10%,11%,8%,8%,10%,10%,8%,8%,7%,7%,8%,11%,9%,9%,9%,9%,10%,11%,7%,8%,8%,9%,9%,10%,11%,12%,11%,9%,9%,9%,11%,11%,11%,8%,12%,12%,11%,13%,9%,13%,12%,15%,12%,9%,14%,11%,15%,10%,11%,9%,8%,8%,8%,8%,10%,10%,14%,10%,14%,9%,12%,10%,11%,10%,9%,11%,8%,11%,7%,9%,10%,9%,8%,6%,10%,9%,10%,12%,10%,8%,8%,10%,9%,8%,10%,10%,7%,12%,7%,10%,11%,11%,12%,14%,14%,11%,12%,16%,17%,11%,14%,11%,8%,8%,9%,6%,8%,8%,9%,8%,8%,7%,11%,8%,8%,9%,10%,9%,7%,12%,10%,8%,10%,9%,9%,9%,10%,7%,7%,9%,11%,8%,10%,7%,7%,8%,7%,7%,6%,6%,7%,7%,8%,6%,8%,9%,8%,7%,9%,8%,8%,9%,9%,8%,7%,8%,8%,8%,9%,7%,7%,11%,8%,9%,11%,11%,10%,8%,11%,7%,8%,8%,8%,8%,10%,8%,7%,9%,8%,10%,7%,9%,8%,9%,9%,10%,9%,11%,10%,9%,7%,7%,9%,9%,8%,7%,7%,10%,8%,10%,7%,7%,8%,6%,6%,8%,6%,10%,11%,10%,14%,12%,11%,10%,14%,19%,16%,16%,13%,10%,11%,10%,16%,15%,13%,15%,13%,10%,11%,9%,9%,9%,9%,7%,9%,11%,7%,10%,6%,8%,8%,9%,12%,19%,24%,22%,21%,26%,23%,26%,25%,25%,18%,19%,17%,19%,16%,15%,17%,14%,15%,13%,16%,16%,13%,18%,18%,14%,15%,18%,16%,15%,13%,14%,13%,12%,9%,11%,11%,9%,11%,11%,9%,9%,10%,11%,11%,9%,11%,10%,7%,10%,8%,9%,9%,10%,12%,11%,8%,12%,6%,11%,9%,8%,7%,8%,8%,6%,8%,9%,6%,8%,10%,5%,7%,8%,9%,9%,6%,7%,8%,9%,7%,5%,7%,4%,6%,3%,6%,6%,5%,7%,6%,7%,6%,8%,5%,7%,5%,8%,7%,6%,6%,7%,6%,5%,9%,7%,7%,7%,8%,9%,9%,8%,10%,9%,11%,7%,7%,9%,9%,9%,12%,10%,9%,9%,8%,11%,11%,8%,9%,6%,8%,8%,8%,8%,7%,6%,8%,9%,7%,11%,9%,9%,7%,11%,9%,8%,7%,6%,8%,6%,7%,9%,9%,9%,9%,6%,8%,10%,8%,8%,7%,5%,7%,7%,7%,7%,8%,6%,8%,8%,9%,8%,5%,6%,9%,6%
Family life & childcare,4%,6%,6%,7%,7%,6%,7%,5%,6%,7%,6%,4%,5%,6%,5%,6%,5%,8%,8%,7%,5%,7%,6%,4%,5%,3%,6%,6%,7%,6%,7%,7%,8%,6%,7%,10%,7%,6%,9%,7%,7%,6%,6%,6%,7%,8%,6%,5%,5%,7%,8%,6%,7%,8%,7%,7%,6%,6%,9%,6%,10%,4%,9%,8%,6%,6%,8%,6%,4%,3%,4%,5%,5%,3%,6%,4%,4%,6%,3%,5%,5%,4%,4%,4%,6%,5%,5%,5%,8%,6%,4%,4%,5%,7%,6%,4%,4%,5%,3%,4%,5%,4%,4%,3%,4%,4%,5%,4%,4%,6%,4%,4%,4%,4%,5%,3%,4%,5%,3%,4%,3%,2%,3%,2%,3%,4%,4%,2%,3%,2%,4%,2%,4%,2%,2%,4%,3%,1%,3%,3%,3%,3%,3%,3%,2%,3%,3%,3%,6%,2%,3%,1%,2%,2%,1%,3%,2%,4%,2%,3%,2%,4%,2%,2%,4%,2%,2%,2%,3%,2%,2%,3%,4%,3%,3%,3%,2%,2%,3%,3%,2%,2%,2%,2%,2%,2%,2%,1%,2%,3%,2%,2%,2%,1%,2%,3%,3%,4%,3%,1%,1%,2%,2%,2%,2%,2%,2%,3%,2%,3%,3%,2%,2%,2%,2%,2%,4%,1%,2%,2%,2%,2%,1%,1%,2%,1%,2%,2%,2%,1%,3%,3%,4%,2%,2%,2%,2%,3%,2%,3%,2%,2%,2%,2%,2%,3%,3%,2%,3%,2%,3%,13%,9%,7%,9%,9%,7%,8%,6%,5%,7%,5%,4%,3%,3%,4%,4%,3%,4%,3%,4%,3%,3%,3%,3%,2%,2%,3%,4%,3%,5%,3%,4%,7%,5%,5%,4%,5%,4%,3%,3%,5%,5%,6%,7%,8%,6%,5%,6%,6%,4%,4%,7%,5%,4%,3%,3%,3%,4%,4%,5%,3%,4%,4%,4%,3%,3%,5%,3%,3%,3%,4%,3%,3%,5%,5%,3%,2%,3%,5%,3%,3%,2%,3%,3%,4%,3%,2%,4%,3%,4%,4%,4%,4%,5%,3%,5%,5%,3%,5%,4%,4%,4%,4%,4%,4%,4%,7%,8%,6%,6%,5%,6%,6%,5%,6%,5%,6%,5%,6%,4%,5%,4%,4%,3%,4%,4%,5%,4%,5%,5%,5%,7%,6%,5%,5%,5%,4%,6%,4%,5%,4%,4%,5%,5%,5%,6%,4%,3%,5%,7%,5%,5%,6%,5%,5%,6%,6%,7%,3%,6%,4%,5%,4%,6%,4%,7%,6%,4%,5%,5%,3%,4%,2%,4%,3%,3%,3%,4%,4%,4%,3%,4%,5%,4%,3%,3%,5%,4%,4%,5%,4%,3%,4%,5%,5%,4%,4%,4%,4%,4%,3%,5%,4%,4%,4%,4%,5%,5%,4%,5%,4%,3%,4%,4%,6%,3%
Housing,0%,0%,0%,0%,0%,0%,0%,0%,0%,0%,0%,0%,0%,0%,0%,0%,0%,0%,0%,0%,0%,0%,0%,0%,0%,0%,0%,0%,0%,0%,0%,0%,0%,0%,0%,0%,0%,0%,0%,0%,0%,0%,0%,0%,0%,0%,0%,0%,0%,0%,0%,0%,0%,0%,0%,0%,0%,0%,0%,0%,0%,0%,0%,0%,0%,0%,0%,0%,7%,9%,10%,10%,10%,10%,11%,8%,9%,8%,10%,8%,9%,9%,10%,9%,10%,13%,9%,14%,12%,13%,13%,14%,15%,15%,11%,13%,12%,11%,10%,10%,9%,14%,9%,13%,10%,11%,13%,12%,16%,13%,11%,18%,8%,11%,12%,11%,14%,13%,18%,15%,15%,12%,10%,14%,17%,14%,16%,15%,12%,14%,14%,12%,14%,13%,16%,14%,14%,14%,15%,14%,18%,14%,14%,13%,11%,8%,10%,10%,11%,12%,8%,7%,7%,10%,12%,7%,10%,13%,13%,13%,16%,15%,13%,14%,10%,14%,13%,11%,12%,13%,16%,12%,12%,14%,12%,12%,13%,12%,13%,13%,12%,11%,11%,8%,10%,12%,13%,12%,11%,10%,12%,12%,11%,14%,14%,15%,13%,11%,11%,10%,9%,11%,10%,11%,13%,13%,10%,11%,10%,11%,8%,9%,8%,10%,8%,9%,9%,11%,10%,10%,8%,7%,10%,10%,9%,9%,9%,9%,9%,11%,10%,9%,11%,8%,7%,9%,7%,8%,9%,8%,9%,8%,8%,7%,9%,10%,12%,11%,15%,10%,10%,6%,7%,5%,4%,7%,5%,5%,6%,4%,5%,5%,3%,3%,6%,5%,6%,6%,6%,7%,6%,5%,4%,6%,5%,6%,6%,5%,5%,6%,7%,5%,7%,4%,5%,8%,7%,8%,7%,7%,6%,7%,7%,7%,7%,5%,5%,7%,9%,8%,8%,9%,8%,7%,7%,8%,9%,9%,10%,12%,10%,10%,13%,11%,13%,11%,14%,10%,10%,13%,10%,11%,11%,14%,11%,12%,12%,15%,12%,12%,10%,11%,9%,10%,12%,12%,13%,11%,10%,11%,11%,9%,11%,10%,11%,10%,7%,13%,9%,11%,13%,12%,11%,12%,10%,13%,14%,14%,14%,13%,13%,11%,12%,13%,14%,10%,11%,12%,15%,10%,9%,11%,11%,10%,12%,11%,8%,10%,10%,12%,12%,9%,11%,11%,13%,8%,9%,10%,8%,9%,11%,10%,10%,11%,8%,10%,6%,11%,10%,10%,8%,8%,11%,10%,11%,8%,11%,13%,14%,12%,12%,13%,13%,13%,14%,16%,13%,14%,14%,15%,15%,14%,14%,16%,17%,16%,14%,16%,15%,16%,15%,13%,14%,12%,14%,13%,15%,18%,13%,14%,14%,15%,17%,14%,17%,15%,19%,16%,13%,15%,16%,13%,14%,13%,16%,13%,16%,14%,14%,15%,14%,15%,13%,10%,14%,13%,16%
The environment,4%,3%,4%,6%,4%,4%,4%,6%,4%,3%,4%,4%,4%,3%,3%,2%,2%,3%,2%,4%,4%,4%,3%,3%,2%,4%,3%,2%,4%,3%,4%,3%,4%,4%,4%,3%,3%,3%,4%,3%,1%,3%,3%,3%,2%,3%,3%,3%,3%,4%,3%,3%,5%,4%,5%,2%,2%,3%,4%,5%,2%,3%,3%,4%,7%,6%,4%,4%,3%,4%,3%,4%,4%,5%,3%,4%,3%,5%,4%,3%,3%,4%,7%,21%,10%,7%,6%,6%,7%,4%,5%,3%,5%,3%,7%,5%,6%,6%,6%,4%,4%,5%,5%,5%,5%,3%,6%,4%,5%,5%,5%,4%,3%,6%,4%,3%,4%,5%,6%,4%,3%,3%,4%,3%,4%,5%,7%,4%,4%,5%,5%,6%,6%,6%,4%,5%,7%,6%,6%,5%,6%,6%,6%,7%,8%,8%,5%,5%,6%,4%,5%,4%,2%,2%,4%,4%,4%,2%,4%,7%,6%,5%,6%,7%,6%,6%,4%,7%,8%,6%,8%,6%,5%,9%,6%,6%,8%,8%,7%,8%,5%,7%,7%,7%,7%,5%,5%,6%,7%,8%,7%,7%,8%,6%,5%,9%,11%,10%,10%,10%,11%,11%,6%,10%,8%,7%,11%,11%,9%,11%,15%,16%,16%,16%,18%,18%,14%,15%,17%,17%,15%,13%,14%,16%,14%,15%,21%,19%,18%,18%,15%,16%,17%,16%,17%,18%,21%,16%,19%,18%,21%,21%,23%,22%,21%,18%,18%,21%,21%,22%,19%,11%,13%,11%,11%,12%,13%,13%,14%,14%,10%,16%,11%,13%,12%,10%,11%,12%,14%,11%,13%,10%,12%,11%,13%,12%,11%,11%,13%,12%,16%,14%,12%,11%,13%,12%,16%,13%,11%,10%,11%,16%,16%,14%,12%,13%,15%,15%,15%,16%,16%,19%,17%,16%,19%,18%,19%,21%,18%,20%,22%,19%,22%,22%,17%,17%,19%,21%,20%,18%,24%,20%,23%,24%,26%,23%,23%,25%,19%,21%,21%,21%,23%,28%,27%,32%,31%,29%,24%,25%,21%,21%,20%,17%,18%,17%,17%,20%,19%,17%,18%,17%,14%,17%,15%,13%,16%,13%,17%,16%,17%,17%,17%,17%,15%,15%,14%,18%,14%,14%,16%,15%,17%,23%,18%,21%,23%,20%,17%,17%,17%,18%,15%,16%,16%,16%,17%,18%,19%,18%,17%,16%,15%,16%,13%,13%,15%,15%,16%,15%,15%,16%,14%,12%,15%,13%,14%,16%,14%,13%,15%,12%,16%,14%,16%,16%,15%,19%,16%,17%,15%,18%,17%,21%,24%,20%,17%,17%,16%,16%,16%,14%,15%,16%,16%,14%,15%,13%,14%,14%,13%,11%,15%,14%,15%,13%,15%,16%,15%,16%,14%,12%,12%,13%,9%,12%,10%,11%,12%,10%,9%,13%,12%,9%,11%,12%,10%
Britain leaving the EU,15%,11%,12%,15%,12%,17%,15%,12%,12%,14%,14%,19%,19%,16%,23%,25%,16%,18%,17%,21%,35%,29%,42%,39%,34%,45%,39%,35%,35%,32%,34%,27%,20%,19%,18%,26%,31%,39%,23%,40%,40%,30%,33%,32%,31%,23%,22%,29%,30%,31%,33%,35%,33%,38%,30%,33%,33%,29%,32%,32%,27%,32%,31%,31%,34%,36%,41%,39%,21%,26%,22%,23%,21%,19%,17%,23%,23%,24%,22%,17%,23%,26%,22%,20%,21%,26%,20%,26%,24%,32%,30%,27%,27%,31%,27%,27%,32%,28%,26%,37%,35%,39%,33%,26%,25%,27%,30%,26%,26%,25%,25%,24%,34%,33%,33%,40%,36%,33%,40%,24%,47%,76%,67%,63%,66%,66%,67%,65%,63%,73%,73%,73%,71%,72%,74%,72%,73%,75%,68%,71%,73%,72%,70%,71%,74%,83%,79%,75%,77%,78%,68%,66%,81%,77%,77%,74%,78%,77%,68%,76%,77%,72%,71%,73%,67%,70%,75%,73%,69%,69%,73%,70%,68%,66%,70%,72%,73%,72%,68%,70%,70%,72%,72%,72%,74%,75%,76%,77%,81%,73%,76%,74%,75%,74%,82%,75%,75%,75%,76%,82%,78%,79%,77%,81%,79%,77%,73%,80%,82%,78%,77%,81%,77%,84%,78%,80%,83%,82%,80%,81%,79%,79%,78%,81%,86%,84%,79%,85%,83%,81%,83%,83%,80%,78%,80%,77%,76%,76%,73%,76%,70%,72%,67%,63%,47%,54%,54%,52%,55%,49%,42%,28%,30%,33%,36%,36%,37%,39%,39%,41%,46%,50%,59%,53%,52%,47%,50%,46%,52%,53%,49%,48%,43%,52%,52%,55%,57%,58%,55%,57%,55%,57%,60%,50%,49%,58%,58%,55%,60%,71%,68%,45%,26%,25%,29%,29%,23%,24%,22%,22%,22%,22%,24%,21%,20%,21%,21%,22%,20%,21%,20%,19%,19%,19%,15%,24%,20%,21%,22%,18%,18%,19%,19%,17%,16%,14%,14%,16%,14%,15%,16%,16%,14%,16%,14%,20%,16%,19%,18%,14%,15%,16%,13%,18%,16%,16%,17%,15%,16%,14%,16%,13%,13%,13%,9%,10%,9%,11%,8%,12%,12%,10%,8%,12%,10%,12%,10%,12%,14%,14%,12%,20%,18%,18%,15%,10%,12%,10%,9%,11%,11%,8%,11%,8%,10%,13%,10%,9%,10%,8%,11%,12%,11%,9%,13%,10%,11%,11%,11%,10%,11%,10%,11%,12%,16%,10%,11%,9%,9%,11%,10%,9%,10%,12%,13%,13%,13%,12%,12%,11%,11%,13%,9%,9%,9%,8%,8%,10%,10%,11%,9%,7%,9%,9%,9%,10%,11%,8%,5%,6%,9%,8%,7%,10%,8%,7%,8%,7%,8%,9%,7%,8%,7%,9%,6%,7%,5%,8%,7%,7%,6%,6%,8%,8%,8%,7%,8%
Transport,3%,3%,5%,4%,6%,5%,4%,4%,3%,3%,3%,2%,3%,2%,3%,2%,2%,2%,2%,2%,2%,1%,2%,2%,2%,3%,3%,3%,3%,2%,2%,3%,5%,7%,5%,3%,3%,2%,4%,2%,2%,3%,2%,1%,3%,2%,3%,3%,3%,2%,3%,2%,5%,2%,2%,3%,4%,3%,3%,2%,4%,2%,2%,3%,2%,2%,2%,1%,1%,2%,3%,3%,2%,3%,1%,2%,3%,2%,4%,3%,1%,2%,2%,2%,2%,1%,2%,4%,3%,2%,2%,2%,2%,1%,2%,1%,3%,2%,3%,2%,2%,1%,3%,3%,2%,2%,1%,2%,1%,1%,2%,2%,2%,1%,2%,2%,1%,5%,2%,2%,2%,2%,2%,1%,3%,3%,2%,3%,2%,2%,2%,2%,3%,4%,4%,4%,4%,4%,2%,3%,2%,3%,3%,3%,3%,1%,2%,1%,2%,1%,1%,2%,0%,1%,1%,2%,1%,0%,1%,2%,1%,2%,3%,1%,3%,1%,2%,1%,1%,2%,2%,1%,1%,2%,1%,2%,1%,2%,2%,1%,3%,3%,3%,2%,2%,2%,1%,1%,4%,3%,4%,3%,1%,3%,2%,1%,2%,2%,1%,2%,1%,3%,2%,1%,2%,2%,1%,1%,2%,2%,3%,1%,1%,1%,2%,2%,1%,2%,3%,1%,1%,2%,1%,1%,2%,3%,2%,1%,1%,2%,2%,1%,3%,3%,2%,3%,3%,3%,2%,3%,2%,5%,3%,3%,6%,5%,4%,5%,3%,5%,4%,1%,2%,1%,2%,1%,1%,2%,1%,2%,2%,1%,2%,0%,1%,1%,2%,1%,1%,0%,1%,1%,1%,1%,1%,1%,1%,2%,1%,2%,1%,1%,2%,0%,2%,1%,1%,1%,1%,1%,1%,2%,1%,1%,2%,1%,1%,2%,1%,1%,1%,1%,1%,1%,1%,2%,1%,1%,2%,2%,2%,1%,3%,4%,1%,2%,2%,2%,2%,2%,3%,2%,2%,2%,2%,3%,3%,3%,4%,4%,9%,6%,8%,6%,4%,3%,5%,4%,2%,1%,2%,2%,2%,2%,2%,2%,3%,3%,2%,2%,2%,2%,2%,2%,3%,2%,2%,2%,4%,2%,3%,1%,2%,2%,2%,1%,2%,4%,4%,5%,2%,3%,3%,2%,3%,3%,3%,4%,2%,3%,2%,1%,1%,2%,1%,2%,2%,2%,1%,2%,4%,3%,2%,5%,3%,5%,5%,4%,3%,3%,4%,4%,3%,2%,3%,3%,2%,1%,3%,3%,3%,3%,1%,4%,2%,2%,4%,2%,2%,3%,3%,3%,2%,2%,3%,2%,2%,2%,3%,3%,1%,3%,3%,3%,4%,2%,2%,3%,4%,2%,3%,2%,3%,3%,4%,3%,4%,3%,3%,3%,2%,2%,3%,2%,2%,2%,2%,2%,2%,2%,4%,2%,2%,3%,2%,2%,3%
Welfare benefits,0%,0%,0%,0%,0%,0%,0%,0%,0%,0%,0%,0%,0%,0%,0%,0%,0%,0%,0%,0%,0%,0%,0%,0%,0%,0%,0%,0%,0%,0%,0%,0%,0%,0%,0%,0%,0%,0%,0%,0%,0%,0%,0%,0%,0%,0%,0%,0%,0%,0%,0%,0%,0%,0%,0%,0%,0%,0%,0%,0%,0%,0%,0%,0%,0%,0%,0%,0%,30%,36%,28%,33%,34%,28%,32%,34%,38%,34%,32%,29%,34%,39%,33%,32%,31%,32%,26%,34%,29%,28%,23%,33%,30%,29%,30%,28%,27%,29%,27%,22%,25%,31%,30%,31%,30%,30%,32%,36%,27%,34%,25%,26%,29%,28%,32%,35%,30%,30%,33%,17%,12%,12%,14%,13%,13%,13%,13%,14%,10%,14%,13%,13%,15%,14%,11%,12%,14%,13%,14%,14%,15%,14%,15%,13%,13%,12%,12%,11%,10%,8%,8%,6%,7%,10%,9%,9%,10%,10%,9%,9%,12%,8%,10%,8%,11%,8%,8%,11%,8%,11%,10%,9%,9%,8%,9%,8%,8%,8%,7%,9%,6%,11%,10%,9%,7%,9%,10%,7%,10%,9%,9%,7%,8%,6%,8%,10%,9%,8%,11%,10%,10%,9%,9%,10%,10%,10%,8%,6%,6%,7%,7%,7%,7%,10%,9%,6%,7%,8%,6%,6%,7%,7%,6%,8%,6%,5%,6%,7%,6%,7%,6%,6%,7%,7%,5%,5%,5%,5%,7%,6%,8%,6%,8%,11%,9%,9%,8%,7%,6%,9%,6%,11%,15%,13%,11%,13%,10%,9%,6%,6%,8%,7%,7%,5%,6%,7%,5%,5%,4%,7%,6%,6%,5%,4%,5%,5%,3%,4%,6%,5%,4%,6%,6%,6%,4%,5%,4%,5%,5%,4%,4%,5%,5%,6%,6%,6%,6%,8%,5%,7%,5%,6%,5%,6%,7%,5%,6%,5%,7%,5%,5%,5%,6%,7%,6%,6%,7%,6%,6%,8%,6%,6%,6%,6%,7%,5%,7%,8%,8%,9%,10%,9%,12%,8%,9%,5%,9%,7%,6%,7%,6%,7%,7%,9%,5%,7%,6%,6%,7%,7%,8%,10%,5%,4%,7%,7%,9%,10%,6%,9%,10%,7%,8%,11%,9%,9%,10%,10%,9%,10%,5%,6%,7%,5%,7%,8%,9%,10%,9%,7%,7%,8%,9%,11%,9%,8%,9%,6%,7%,6%,8%,6%,6%,7%,6%,8%,8%,6%,6%,7%,7%,8%,9%,6%,7%,6%,8%,7%,6%,6%,6%,6%,6%,5%,7%,6%,6%,6%,6%,6%,6%,4%,7%,7%,8%,6%,5%,6%,6%,5%,6%,5%,7%,5%,5%,6%,6%,7%,7%,9%,9%,10%,10%,7%,8%,8%,7%,7%,8%,7%,9%,7%,8%,8%,7%,8%,8%,11%,7%,8%,7%,9%,9%,11%,10%,11%,9%
Defence and security,0%,0%,0%,0%,0%,0%,0%,0%,0%,0%,0%,0%,0%,0%,0%,0%,0%,0%,0%,0%,0%,0%,0%,0%,0%,0%,0%,0%,0%,0%,0%,0%,0%,0%,0%,0%,0%,0%,0%,0%,0%,0%,0%,0%,0%,0%,0%,0%,0%,0%,0%,0%,0%,0%,0%,0%,0%,0%,0%,0%,0%,0%,0%,0%,0%,0%,0%,0%,0%,0%,0%,0%,0%,0%,0%,0%,0%,0%,0%,0%,0%,0%,0%,0%,0%,0%,0%,0%,0%,0%,0%,0%,0%,0%,0%,0%,0%,0%,0%,0%,0%,0%,0%,0%,0%,0%,0%,0%,0%,0%,0%,0%,0%,0%,0%,0%,0%,0%,0%,0%,0%,0%,0%,0%,0%,0%,0%,0%,0%,0%,0%,0%,0%,0%,0%,0%,0%,0%,0%,0%,0%,0%,0%,0%,0%,0%,0%,0%,0%,0%,0%,0%,40%,29%,26%,33%,28%,27%,26%,24%,25%,26%,25%,24%,21%,25%,24%,21%,24%,25%,25%,33%,31%,38%,31%,26%,26%,26%,25%,22%,29%,20%,18%,23%,21%,25%,23%,23%,22%,21%,22%,18%,20%,23%,21%,20%,20%,21%,20%,16%,22%,19%,24%,20%,19%,18%,19%,18%,17%,14%,22%,20%,18%,18%,18%,14%,24%,23%,23%,22%,20%,21%,18%,15%,16%,18%,17%,18%,14%,19%,15%,18%,14%,14%,13%,12%,18%,14%,14%,14%,24%,26%,15%,13%,20%,25%,21%,20%,18%,19%,14%,9%,12%,13%,12%,8%,11%,11%,9%,8%,8%,13%,9%,11%,10%,12%,9%,12%,12%,12%,13%,11%,12%,10%,10%,9%,12%,8%,10%,11%,8%,7%,10%,9%,13%,11%,13%,12%,11%,13%,12%,12%,14%,11%,11%,10%,9%,10%,11%,8%,12%,13%,12%,14%,13%,16%,16%,18%,16%,18%,18%,14%,12%,18%,14%,14%,16%,15%,14%,13%,13%,14%,13%,14%,18%,28%,26%,18%,22%,17%,15%,13%,15%,14%,14%,15%,11%,15%,20%,17%,17%,13%,14%,16%,14%,15%,16%,17%,19%,17%,20%,23%,47%,48%,46%,41%,35%,29%,31%,30%,28%,32%,30%,26%,24%,26%,23%,20%,15%,18%,26%,26%,23%,23%,25%,22%,19%,21%,18%,17%,15%,24%,19%,17%,20%,20%,21%,18%,17%,14%,15%,18%,13%,16%,17%,17%,12%,15%,14%,15%,17%,23%,25%,21%,23%,26%,21%,21%,18%,21%,24%,19%,18%,18%,17%,16%,17%,17%,18%,15%,15%,15%,18%,19%,17%,17%,14%,15%,16%,20%,17%,21%,15%,15%,16%,22%,26%,20%,26%,24%,19%,19%,16%,15%,17%,18%,18%,16%,24%,24%,28%,35%,29%,31%,31%,32%,32%,30%,32%,35%,32%,33%,29%,31%,28%,26%,32%
None of these,0%,0%,0%,0%,0%,0%,0%,0%,0%,0%,0%,0%,0%,0%,0%,0%,0%,0%,0%,0%,0%,0%,0%,0%,0%,0%,0%,0%,0%,0%,0%,0%,0%,0%,0%,0%,0%,0%,0%,0%,0%,0%,0%,0%,0%,0%,0%,0%,0%,0%,0%,0%,0%,0%,0%,0%,0%,0%,0%,0%,0%,0%,0%,0%,0%,0%,0%,0%,0%,0%,0%,0%,0%,0%,0%,0%,0%,0%,0%,0%,0%,0%,0%,0%,0%,0%,0%,0%,0%,0%,0%,0%,0%,0%,0%,0%,0%,0%,0%,0%,0%,0%,0%,0%,0%,0%,0%,0%,0%,0%,0%,0%,0%,0%,0%,0%,0%,0%,0%,0%,0%,0%,0%,0%,0%,0%,0%,0%,0%,0%,0%,0%,0%,0%,0%,0%,0%,0%,0%,0%,0%,0%,0%,0%,0%,0%,0%,0%,0%,0%,0%,0%,0%,0%,0%,0%,0%,0%,0%,0%,0%,0%,0%,0%,0%,0%,0%,0%,0%,0%,0%,0%,0%,0%,0%,0%,0%,0%,0%,0%,0%,0%,0%,0%,0%,0%,0%,0%,0%,0%,0%,0%,0%,0%,0%,0%,0%,0%,0%,0%,0%,0%,0%,0%,0%,0%,0%,0%,0%,0%,0%,0%,0%,0%,0%,1%,0%,0%,0%,0%,0%,0%,1%,0%,0%,0%,0%,0%,0%,0%,0%,0%,0%,0%,0%,0%,0%,0%,0%,0%,0%,0%,0%,0%,0%,0%,0%,0%,0%,1%,1%,3%,3%,3%,2%,2%,3%,1%,2%,1%,2%,1%,1%,0%,1%,0%,0%,0%,1%,0%,1%,1%,0%,1%,1%,0%,0%,0%,0%,1%,1%,1%,1%,1%,0%,0%,1%,1%,0%,0%,0%,1%,1%,1%,1%,2%,1%,1%,1%,2%,0%,0%,0%,1%,0%,1%,0%,0%,0%,0%,1%,0%,0%,0%,0%,0%,0%,0%,0%,0%,0%,0%,2%,1%,1%,0%,0%,1%,0%,1%,0%,0%,0%,1%,0%,0%,0%,0%,1%,0%,1%,1%,1%,1%,1%,0%,0%,1%,1%,0%,0%,0%,1%,0%,1%,0%,0%,0%,0%,1%,0%,0%,0%,1%,0%,1%,1%,1%,1%,1%,1%,0%,1%,0%,0%,0%,0%,0%,1%,1%,1%,0%,0%,0%,0%,0%,0%,0%,0%,0%,1%,0%,0%,0%,0%,0%,0%,0%,1%,0%,0%,0%,0%,0%,0%,0%,0%,0%,0%,0%,0%,0%,1%,0%,0%,0%,0%,1%,0%,0%,0%,0%,0%,0%,0%,0%,1%,0%,0%,0%,0%,0%,0%,0%,0%,0%,0%,1%,0%,0%,1%,0%,0%,0%,0%,0%,0%,1%,0%,0%,1%,0%,0%,0%,1%,0%,0%,0%,0%,0%,0%,0%,0%,0%,0%,0%,0%
Don't know,0%,0%,0%,0%,0%,0%,0%,0%,0%,0%,0%,0%,0%,0%,0%,0%,0%,0%,0%,0%,0%,0%,0%,0%,0%,0%,0%,0%,0%,0%,0%,0%,0%,0%,0%,0%,0%,0%,0%,0%,0%,0%,0%,0%,0%,0%,0%,0%,0%,0%,0%,0%,0%,0%,0%,0%,0%,0%,0%,0%,0%,0%,0%,0%,0%,0%,0%,0%,0%,0%,0%,0%,0%,0%,0%,0%,0%,0%,0%,0%,0%,0%,0%,0%,0%,0%,0%,0%,0%,0%,0%,0%,0%,0%,0%,0%,0%,0%,0%,0%,0%,0%,0%,0%,0%,0%,0%,0%,0%,0%,0%,0%,0%,0%,0%,0%,0%,0%,0%,0%,0%,0%,0%,0%,0%,0%,0%,0%,0%,0%,0%,0%,0%,0%,0%,0%,0%,0%,0%,0%,0%,0%,0%,0%,0%,0%,0%,0%,0%,0%,0%,0%,0%,0%,0%,0%,0%,0%,0%,0%,0%,0%,0%,0%,0%,0%,0%,0%,0%,0%,0%,0%,0%,0%,0%,0%,0%,0%,0%,0%,0%,0%,0%,0%,0%,0%,0%,0%,0%,0%,0%,0%,0%,0%,0%,0%,0%,0%,0%,0%,0%,0%,0%,0%,0%,0%,0%,0%,0%,0%,0%,0%,0%,0%,2%,1%,1%,2%,1%,1%,2%,1%,1%,1%,1%,1%,1%,1%,1%,1%,1%,1%,2%,1%,0%,1%,1%,1%,0%,1%,2%,1%,1%,3%,1%,1%,1%,1%,1%,1%,1%,1%,1%,0%,1%,0%,1%,1%,1%,1%,0%,1%,1%,1%,2%,1%,1%,1%,1%,1%,1%,1%,2%,1%,1%,0%,0%,0%,1%,1%,1%,1%,1%,1%,1%,1%,1%,1%,1%,1%,1%,1%,1%,1%,1%,1%,1%,1%,1%,1%,2%,1%,1%,1%,1%,1%,2%,2%,1%,2%,1%,3%,1%,2%,1%,2%,1%,1%,1%,1%,1%,2%,1%,1%,2%,1%,2%,2%,2%,2%,1%,1%,2%,1%,1%,1%,2%,1%,1%,1%,2%,1%,1%,2%,3%,2%,1%,2%,2%,1%,2%,2%,2%,2%,2%,3%,2%,1%,1%,1%,1%,1%,1%,1%,2%,2%,1%,2%,1%,1%,2%,1%,2%,1%,1%,1%,1%,0%,1%,2%,0%,1%,1%,2%,1%,2%,1%,1%,1%,1%,1%,1%,2%,1%,1%,1%,1%,2%,1%,1%,2%,2%,2%,1%,1%,1%,1%,1%,1%,1%,2%,2%,1%,1%,1%,1%,1%,2%,1%,0%,1%,1%,1%,1%,0%,0%,1%,0%,2%,1%,0%,0%,1%,1%,1%,1%,1%,1%,1%,0%,1%,1%,1%,1%,1%,0%,1%,2%,1%,1%,1%,1%,1%,1%,1%,1%,0%,2%,2%,1%,1%,1%,0%,2%,1%,1%,1%
Afghanistan,12%,12%,11%,10%,11%,9%,10%,11%,11%,10%,10%,10%,8%,10%,11%,8%,7%,5%,8%,9%,4%,7%,4%,6%,6%,5%,4%,4%,3%,5%,5%,4%,17%,15%,10%,8%,7%,7%,6%,7%,6%,7%,8%,7%,7%,10%,11%,7%,7%,8%,11%,4%,4%,7%,4%,4%,4%,3%,4%,3%,3%,3%,2%,3%,3%,6%,2%,7%,0%,0%,0%,0%,0%,0%,0%,0%,0%,0%,0%,0%,0%,0%,0%,0%,0%,0%,0%,0%,0%,0%,0%,0%,0%,0%,0%,0%,0%,0%,0%,0%,0%,0%,0%,0%,0%,0%,0%,0%,0%,0%,0%,0%,0%,0%,0%,0%,0%,0%,0%,0%,0%,0%,0%,0%,0%,0%,0%,0%,0%,0%,0%,0%,0%,0%,0%,0%,0%,0%,0%,0%,0%,0%,0%,0%,0%,0%,0%,0%,0%,0%,0%,0%,0%,0%,0%,0%,0%,0%,0%,0%,0%,0%,0%,0%,0%,0%,0%,0%,0%,0%,0%,0%,0%,0%,0%,0%,0%,0%,0%,0%,0%,0%,0%,0%,0%,0%,0%,0%,0%,0%,0%,0%,0%,0%,0%,0%,0%,0%,0%,0%,0%,0%,0%,0%,0%,0%,0%,0%,0%,0%,0%,0%,0%,0%,0%,0%,0%,0%,0%,0%,0%,0%,0%,0%,0%,0%,0%,0%,0%,0%,0%,0%,0%,0%,0%,0%,0%,0%,0%,0%,0%,0%,0%,0%,0%,0%,0%,0%,0%,0%,0%,0%,0%,0%,0%,0%,0%,0%,0%,0%,0%,0%,0%,0%,0%,0%,0%,0%,0%,0%,0%,0%,0%,0%,0%,0%,0%,0%,0%,0%,0%,0%,0%,0%,0%,0%,0%,0%,0%,0%,0%,0%,0%,0%,0%,0%,0%,0%,0%,0%,0%,0%,0%,0%,0%,0%,0%,0%,0%,0%,0%,0%,0%,0%,0%,0%,0%,0%,0%,0%,0%,0%,0%,0%,0%,0%,0%,0%,0%,0%,0%,0%,0%,0%,0%,0%,0%,0%,0%,0%,0%,0%,0%,0%,0%,0%,0%,0%,0%,0%,0%,0%,0%,0%,0%,0%,0%,0%,0%,0%,0%,0%,0%,0%,0%,0%,0%,0%,0%,0%,0%,0%,0%,0%,0%,0%,0%,0%,0%,0%,0%,0%,0%,0%,0%,0%,0%,0%,0%,0%,0%,0%,0%,0%,0%,0%,0%,0%,0%,0%,0%,0%,0%,0%,0%,0%,0%,0%,0%,0%,0%,0%,0%,0%,0%,0%,0%,0%,0%,0%,0%,0%,0%,0%,0%,0%,0%,0%,0%,0%,0%,0%,0%,0%,0%,0%,0%,0%,0%,0%,0%,0%,0%,0%,0%,0%,0%,0%,0%,0%,0%,0%,0%,0%,0%,0%,0%,0%,0%,0%,0%,0%,0%,0%,0%,0%,0%
Defence and Terrorism,0%,0%,0%,0%,0%,0%,0%,0%,0%,0%,0%,0%,0%,0%,0%,0%,0%,0%,0%,0%,0%,0%,0%,0%,0%,0%,0%,0%,0%,0%,0%,0%,0%,0%,0%,0%,0%,0%,0%,0%,0%,0%,0%,0%,0%,0%,0%,0%,0%,0%,0%,0%,0%,0%,0%,0%,0%,0%,0%,0%,0%,0%,0%,0%,0%,0%,0%,0%,0%,0%,0%,0%,0%,0%,0%,0%,0%,0%,0%,0%,0%,0%,0%,0%,0%,0%,0%,0%,0%,0%,0%,0%,0%,0%,0%,0%,0%,0%,0%,0%,0%,0%,0%,0%,0%,0%,0%,0%,0%,0%,0%,0%,0%,0%,0%,0%,0%,0%,0%,42%,31%,0%,0%,0%,0%,0%,0%,0%,0%,0%,0%,0%,0%,0%,0%,0%,0%,0%,0%,0%,0%,0%,0%,0%,0%,0%,0%,0%,0%,0%,0%,0%,0%,0%,0%,0%,0%,0%,0%,0%,0%,0%,0%,0%,0%,0%,0%,0%,0%,0%,0%,0%,0%,0%,0%,0%,0%,0%,0%,0%,0%,0%,0%,0%,0%,0%,0%,0%,0%,0%,0%,0%,0%,0%,0%,0%,0%,0%,0%,0%,0%,0%,0%,0%,0%,0%,0%,0%,0%,0%,0%,0%,0%,0%,0%,0%,0%,0%,0%,0%,0%,0%,0%,0%,0%,0%,0%,0%,0%,0%,0%,0%,0%,0%,0%,0%,0%,0%,0%,0%,0%,0%,0%,0%,0%,0%,0%,0%,0%,0%,0%,0%,0%,0%,0%,0%,0%,0%,0%,0%,0%,0%,0%,0%,0%,0%,0%,0%,0%,0%,0%,0%,0%,0%,0%,0%,0%,0%,0%,0%,0%,0%,0%,0%,0%,0%,0%,0%,0%,0%,0%,0%,0%,0%,0%,0%,0%,0%,0%,0%,0%,0%,0%,0%,0%,0%,0%,0%,0%,0%,0%,0%,0%,0%,0%,0%,0%,0%,0%,0%,0%,0%,0%,0%,0%,0%,0%,0%,0%,0%,0%,0%,0%,0%,0%,0%,0%,0%,0%,0%,0%,0%,0%,0%,0%,0%,0%,0%,0%,0%,0%,0%,0%,0%,0%,0%,0%,0%,0%,0%,0%,0%,0%,0%,0%,0%,0%,0%,0%,0%,0%,0%,0%,0%,0%,0%,0%,0%,0%,0%,0%,0%,0%,0%,0%,0%,0%,0%,0%,0%,0%,0%,0%,0%,0%,0%,0%,0%,0%,0%,0%,0%,0%,0%,0%,0%,0%,0%,0%,0%,0%,0%,0%,0%,0%,0%,0%,0%,0%,0%,0%,0%,0%,0%,0%,0%,0%,0%,0%,0%,0%,0%,0%,0%,0%,0%,0%,0%,0%,0%,0%,0%,0%,0%,0%,0%,0%,0%,0%,0%,0%,0%,0%,0%,0%,0%,0%,0%,0%,0%,0%,0%,0%,0%,0%,0%,0%
Don't know / None of these,1%,1%,1%,1%,1%,1%,1%,0%,2%,1%,1%,1%,1%,2%,1%,1%,1%,1%,1%,2%,1%,1%,1%,2%,2%,1%,1%,1%,0%,2%,1%,2%,1%,1%,1%,1%,1%,1%,2%,1%,2%,0%,1%,1%,1%,0%,1%,1%,0%,2%,1%,1%,1%,1%,1%,0%,1%,1%,0%,1%,1%,1%,1%,1%,1%,3%,0%,2%,1%,1%,1%,1%,1%,1%,2%,1%,1%,1%,1%,2%,1%,0%,2%,2%,1%,1%,2%,2%,2%,2%,2%,2%,1%,2%,1%,1%,2%,1%,1%,2%,1%,1%,3%,2%,2%,3%,1%,2%,2%,1%,2%,1%,2%,1%,2%,1%,3%,2%,1%,2%,3%,2%,4%,2%,3%,3%,2%,2%,2%,3%,1%,2%,3%,2%,2%,2%,2%,1%,3%,2%,3%,1%,3%,2%,2%,1%,2%,1%,3%,3%,4%,3%,1%,2%,2%,3%,1%,1%,3%,2%,2%,1%,2%,2%,1%,2%,1%,2%,2%,4%,2%,2%,1%,1%,1%,1%,0%,2%,1%,1%,2%,1%,1%,1%,3%,1%,1%,1%,1%,2%,1%,3%,2%,3%,1%,1%,2%,1%,2%,1%,1%,2%,2%,1%,2%,1%,1%,2%,1%,1%,2%,2%,2%,0%,0%,0%,0%,0%,0%,0%,0%,0%,0%,0%,0%,0%,0%,0%,0%,0%,0%,0%,0%,0%,0%,0%,0%,0%,0%,0%,0%,0%,0%,0%,0%,0%,0%,0%,0%,0%,0%,0%,0%,0%,0%,0%,0%,0%,0%,0%,0%,0%,0%,0%,0%,0%,0%,0%,0%,0%,0%,0%,0%,0%,0%,0%,0%,0%,0%,0%,0%,0%,0%,0%,0%,0%,0%,0%,0%,0%,0%,0%,0%,0%,0%,0%,0%,0%,0%,0%,0%,0%,0%,0%,0%,0%,0%,0%,0%,0%,0%,0%,0%,0%,0%,0%,0%,0%,0%,0%,0%,0%,0%,0%,0%,0%,0%,0%,0%,0%,0%,0%,0%,0%,0%,0%,0%,0%,0%,0%,0%,0%,0%,0%,0%,0%,0%,0%,0%,0%,0%,0%,0%,0%,0%,0%,0%,0%,0%,0%,0%,0%,0%,0%,0%,0%,0%,0%,0%,0%,0%,0%,0%,0%,0%,0%,0%,0%,0%,0%,0%,0%,0%,0%,0%,0%,0%,0%,0%,0%,0%,0%,0%,0%,0%,0%,0%,0%,0%,0%,0%,0%,0%,0%,0%,0%,0%,0%,0%,0%,0%,0%,0%,0%,0%,0%,0%,0%,0%,0%,0%,0%,0%,0%,0%,0%,0%,0%,0%,0%,0%,0%,0%,0%,0%,0%,0%,0%,0%,0%,0%,0%,0%,0%,0%,0%,0%,0%,0%,0%,0%,0%,0%,0%,0%,0%,0%,0%,0%,0%,0%,0%,0%,0%,0%,0%,0%
Unweighted base,788,607,737,715,683,815,734,681,800,803,878,779,830,1604,850,828,805,728,798,753,800,548,548,563,551,540,564,507,522,532,511,549,570,546,545,574,514,498,575,552,553,543,547,574,531,544,559,573,560,541,527,535,584,590,578,626,570,582,595,626,552,569,566,569,574,372,574,360,556,575,592,591,585,533,562,629,578,645,584,604,671,545,559,574,580,620,533,623,540,600,557,565,617,550,541,565,554,571,634,564,612,557,544,544,511,477,305,470,535,476,469,443,513,442,491,541,434,461,524,505,493,495,498,469,470,497,465,487,1099,496,475,483,472,505,480,484,478,494,583,609,485,470,477,595,484,497,484,598,424,545,1070,408,544,539,550,570,555,563,536,566,559,559,565,572,571,1152,697,570,581,572,573,564,1147,565,574,550,576,587,577,573,576,588,563,575,583,682,565,569,616,1160,594,583,652,598,561,584,585,648,567,556,594,559,582,587,577,659,633,718,624,648,566,616,579,590,575,579,638,582,589,587,633,611,589,578,580,589,596,591,589,580,581,589,588,581,590,573,580,585,594,591,602,575,592,106,576,627,590,597,596,591,613,593,615,587,604,602,610,607,602,611,620,582,602,625,627,624,601,602,592,576,1216,638,602,631,603,602,624,579,625,607,618,614,593,642,595,603,590,614,577,626,617,634,604,595,603,562,612,593,628,592,592,600,610,582,602,597,705,588,619,595,625,564,618,589,614,590,600,604,597,593,615,591,608,600,604,594,598,605,601,600,628,604,601,596,598,608,613,601,591,598,638,603,608,607,627,598,613,627,610,626,614,609,599,610,610,617,624,592,600,635,592,606,597,612,600,602,597,586,617,609,602,602,610,609,595,611,603,597,609,599,602,584,607,608,607,617,596,602,598,615,606,608,603,590,595,607,602,606,603,620,594,592,600,608,594,600,610,607,615,603,602,609,608,613,611,609,609,607,604,602,594,595,586,601,590,582,586,594,575,601,587,586,603,601,596,591,597,622,600,597,596,599,589,600,605,591,598,599,599,589,598,605,595,601,607,594,601,589,598,611,596,603,588,582,597,602,595
Base,775,642,765,683,709,830,737,726,822,824,862,803,844,1616,836,819,871,773,795,767,797,539,540,550,537,518,569,523,519,547,536,570,556,534,560,563,508,507,578,543,536,537,529,558,535,526,547,598,552,566,526,529,621,608,598,623,603,618,601,621,545,585,553,604,569,362,597,364,562,578,558,604,619,466,561,631,579,606,585,547,625,549,542,584,589,607,528,663,575,630,603,588,637,564,585,607,596,610,655,591,624,567,562,578,493,498,305,470,547,460,450,425,545,438,520,570,463,488,527,494,488,474,486,477,473,468,476,488,1061,467,467,486,458,474,468,459,463,481,579,582,470,460,459,552,466,487,448,583,398,525,1028,369,573,563,574,569,571,576,540,577,552,557,563,556,560,1138,658,562,566,556,563,561,1131,559,572,545,544,560,569,573,555,562,558,565,563,639,568,566,589,1144,588,574,649,599,551,573,574,623,540,551,579,536,550,559,548,622,594,696,584,608,538,559,547,574,560,558,603,568,570,566,592,571,557,550,562,572,570,571,570,560,566,566,566,562,553,562,559,566,566,571,574,556,571,101,565,606,558,562,558,551,555,554,557,551,556,551,566,564,573,561,569,552,565,563,564,567,560,571,562,561,1136,558,570,565,565,565,556,555,556,560,573,564,570,574,565,564,558,562,561,568,554,571,574,563,555,555,569,566,571,555,553,558,557,558,578,551,607,557,557,563,578,547,563,556,562,609,609,615,611,609,622,606,610,608,604,599,616,614,614,615,627,621,609,615,620,626,621,609,604,606,628,616,617,630,624,622,617,617,616,619,618,617,612,618,612,624,631,611,609,627,616,613,614,621,617,626,619,601,627,623,622,625,623,610,598,603,615,613,620,621,620,616,623,613,613,623,613,611,613,623,620,618,621,610,607,625,618,624,617,618,600,613,617,612,611,608,620,623,625,622,610,611,627,622,617,628,622,616,615,621,615,609,599,605,602,603,596,605,598,607,598,605,623,609,611,606,604,623,608,608,603,609,608,610,607,607,610,613,607,606,609,605,606,612,617,606,605,614,612,617,616,615,607,601,612,614,606
